manifest	93e2ccc3387b6538b65e9f55619b30554cc600de560a478b45f375c0ba022bf6	-
	.env.example	100644	5e215afbb35edbe765f93eae8a3e6b6fb0dfb423a520b37c53adacd3d90d955e
	.gitignore	100644	9b00b9ef27faf5bd9817e2a30f646fddbeb43dcc1eb71a225708bc21792b6dc8
	.node-version	100644	55075b5ec4e8b31936cbbc282b8829116d1fd48f2f2f1856dee592a6650700ce
	.npmrc	100644	d936544d8e832337a159e5cdb7bdeab5aa358ab159800ce6068a8970c924020c
	.prettierrc.json	100644	0c0cb949436682aed2d14a939bf32dde1b7e438bd11b15ea06b494dd830d3294
	README.md	100644	8e81fc1c7552781269b981d30a7a887dac0be0b9c7eda9b88b25dd81c4a441e8
	compose.yaml	100644	c6f99a8f0571e74bdac821cbc55f594179ecb6b48ef63b53b566dd0f759ea485
	config/versions.json	100644	ff56406b4ad436c922ef05bb554712338e679541118d4fd8712bb9490865a12a
	db/migrations/001-model.sql	100644	f96dc254a428e8e4b135afd2c7b321158678140a9f7daf9baba613c4755b7b7a
	db/roles/bootstrap.sql	100644	c8481fec5ec0d476ff2d2d059b3e736af04d8e75df17e849ed19e3e6e7c57ba4
	docs/app/database-layer.md	100644	e6fbe116e997cfce3a9922a6288d476c7536b70557154872da3e0c638a94deb1
	docs/app/local-storage-assessment.md	100644	cc1650b8fb0e2d72c9905ea1827cc634c20a1c056755b2197e7cc8458d0f141a
	docs/app/mvp.md	100644	1afb62d61eef69b7475a7ea479eaa24492fc030bd8b4066d7c7ccb7679fc1556
	docs/app/privacy.html	100644	c8c5d83315218f086e3c456749760b0ed0489939d4f2130a590454991981d99c
	docs/app/setup-status.md	100644	971ad52536e76a9bf7307beb322cb8bd6401f3294682a0ddad1b175a963b3772
	docs/app/terms.html	100644	954d53804117eb68b9f5e6d59128b7e5b8fa7316df89d518215eddb57a238e88
	docs/app/testing.md	100644	29d5443edd1ab5498f7540ca10a4ea4919620a7cfb9affeaa711610350dc4cfc
	eslint.config.mjs	100644	7990107aba835a28a0e586fea44e1912dbb05734f8554fe5ebb90c9103860a32
	infra/lima/storage-probe.py	100644	df4af2ef0fc4785ba83a51eb1538a3ce3596b9f21acdbd5afa1d1508ebc08c05
	infra/lima/storage.json	100644	a8ad67a50b5e15bc4a2d2d42a10b4b167481f4a3a0ed5465d181c0ada24d7af8
	infra/postgres/bootstrap-evidence.sh	100644	a7c00ebe7757853512954aef0185be71f5f653fcb5d84e770024e01c22bd3fe8
	infra/postgres/bootstrap.sh	100644	fcf3c2fb99529722f4f54a0d9de731823f6a1516c84f4966a2d9187f251e7549
	infra/postgres/client.sh	100644	35718435d0673ebe64cc22f3f66063e31764e327b83170652b3e1bc3f80d8fd0
	infra/postgres/create-denial.pl	100644	700523013733d28b81ca37f1a6a2c8664000f5225dda246dd1f03e9a16a35c1f
	infra/postgres/disk-temp-guard.sh	100644	464d49454da291cd39507b778b5f8c9fb5e085f4dcd1e76d9a74799e1be6b85f
	infra/postgres/negative-bootstrap.sh	100644	c0b7a8e631c20a95e4d407280140bec3afd73347e96a35d52918c9adb5647dce
	infra/postgres/ordinary-spill.sh	100644	1716d33bff736c515ba2171549d1dfbbf14a3c0fbe1dfa068d187a7ef888042e
	infra/postgres/pg_hba.conf	100644	71553be5d795cc7c38a9f2cddce8989e1824c10b42857404627b37156f9c15a6
	infra/postgres/pg_ident.conf	100644	0be20bfa55f1ee966711bb13c876cd8a185c0d02e5bea4ec722070749a2253e6
	infra/postgres/postgresql.conf	100644	9bcc880dacdc05532bde41c5fe62c8ea64bc2d190933e67d4c2df5f7a26ab6d6
	infra/postgres/resume-check.sh	100644	0d0507f199826cccce780ea4c61e3a8e7ef31a48b30bd6cb13be985590390048
	infra/postgres/temp-pressure.sh	100644	b3d80af5331f0eaa13bd2db5f1b86919b22e8aecd179dccdf3ff20c661b5f389
	package-lock.json	100644	3aaa34649ec233d33e9d27114c7c5eb71be06ca656e397f7706d39aaf140e6f7
	package.json	100644	84b7141eed9ec117173298e16abfb05ac1036bc8fa81083902b11e6794a6a80e
	scripts/u1-lunch-bot/database-bootstrap-evidence.ts	100644	f3caf883f1dc53c8516ac3eb9764b97f36c2d971c0ddbcc5b75fa927430c834f
	scripts/u1-lunch-bot/database-phase.ts	100644	e379f95484cdd363dd43ab2cef10b3cdd43cd325a0aec78942de7e42a1b25083
	scripts/u1-lunch-bot/database-resume-policy.ts	100644	ed0fc734b4701993dd0ece103d0a3c78475da3287d138d99cee84161526619ac
	scripts/u1-lunch-bot/database-runtime.ts	100644	186a15bcff72443e8bc5c7ef899b39bbf97a94c1509014bad4b30b4cfb28492e
	scripts/u1-lunch-bot/evidence-writer-probe.mjs	100644	ce52f1ccb7295cabf1b7de99eaae59f7839cf25d4ed91a3000d27e293b96b404
	scripts/u1-lunch-bot/evidence-writer-probe.sh	100644	9ae60991e65b101ac9af982a749ffaed5fb056bf0ae5070e898deb2cdcc650ab
	scripts/u1-lunch-bot/guest-storage-probe.sh	100644	e65ee49a75d0b4691187cf82b6ec754797be9db4ae45ae1167b331c01025cd84
	scripts/u1-lunch-bot/lima-storage-policy.ts	100644	3b6ecfb8736381bc0b09fb4bceeb2bbde1baaf3258bcc600e0575d85b7071746
	scripts/u1-lunch-bot/lima-storage-preflight.ts	100644	50c2dfc2c90569f9263ce3f34df84bcc1eb44a9844ca726a27c0489eaac9a4ae
	scripts/u1-lunch-bot/live-demo-source.ts	100644	0deb33bf5ecb90fe94f3b78c3146be3f464f1be3d6b3517a5bc111fd962b60d7
	scripts/u1-lunch-bot/live-demo.mjs	100644	e95b73019949be6f5f25353ea2959cf39d4b6e1d8b92f242e9b40e81241bf96a
	scripts/u1-lunch-bot/storage-host.ts	100644	ed98607205d7251ef2a4d4535b6617bad0a369262c75907c9817543a909df366
	scripts/u1-lunch-bot/storage-policy.ts	100644	9c5151fab91580ccbd46b2f690bf14fefabbf4bd3f1348b5b1db8546d31f53ef
	scripts/u1-lunch-bot/storage-preflight.ts	100644	269667d97eb3bf38fe8f5a61f62a8760d88f78fc8c96c6b70b86b337c7cbc800
	src/app.ts	100644	4ec78fe100c3555fe92dcc5d98d19dc602fe52e59fd8a27d0cd8344105dff416
	src/config.ts	100644	2593752ebef74c396b7647c51c375b7ce80a307a0953ffe19dad35d0759058f9
	src/demo.ts	100644	58959cbdd6c48da54ed77d7cd79f604783a797162608e5b763c6caf0de8c9e16
	src/line-interaction/control-state.ts	100644	96a35f8b6d47071894eb25b3cd1d06d1705a2875fe270893d3f5b5f40231b97b
	src/line-interaction/events.ts	100644	1a9d3fda474396227c8a13ff8660f35135b1f0a4e30d53375242f1bc3e9be0a6
	src/line-interaction/handler.ts	100644	502395146c7e43d53d1d7b646917e95df5151fced948ee88c30dca2cbd4347be
	src/line-interaction/messages.ts	100644	b378caca12a3441ba39aab11431caf4e31a0633a0e41c3e130b766b05f7183ec
	src/line-interaction/reply.ts	100644	50ad3dbd3fbe92c5764baf1c1b4467c0e4fe6d30aaacdc82051e057cea28b10f
	src/line-interaction/signature.ts	100644	fdc3c5ba6fe2a9344bc4de70d9e8d882c4911ead201133ae33d2f2188a26524d
	src/lunch-recommendation/recommend.ts	100644	9b4c18d4dca9d2461d7ef8bd917a91410b03f85817beaa6d6ce1e08a4d1375c7
	src/main.ts	100644	171b3f17bd4663657aefc23d33ec140b239af6330326cebc46eb7c0e130cbc99
	src/restaurant-source-adapter/demo.ts	100644	256576dd5d6a43d7402305b7f8e4e092c55b0f1afab59c07a1d2016630263053
	src/restaurant-source-adapter/google.ts	100644	2efe1e2f3728730c775769357eceb35ae4917b520cf3f7e446e1d11b306c8d92
	src/restaurant-source-adapter/types.ts	100644	428055c0faad0005c5b774b08d62f68bea0ec1a822e6fc8c4e3797a279f1e390
	src/shared/cancellation.ts	100644	490bbbeb5836538df6188ecaa195b49dff334626f33e8ef872611f8ac2f648d1
	src/shared/http.ts	100644	80c3c318d027e7a163aaf2d5e805f11d7874314a30025fade08590b964e30cf0
	src/shared/location.ts	100644	12486aa8a582f3b40942f2a194b4fcb260530aa78c90162a07f7454dcda340ea
	src/shared/result.ts	100644	83eac4fab457e98312602e8b70634fc3507bb543a4fc633b4c2574cec2448171
	tests/u1-lunch-bot/e2e/lunch-bot.test.ts	100644	ec6f7f914f48ec657191047587a5f205fda8b3c2a1c30f3b76560390a4d62006
	tests/u1-lunch-bot/fixtures/clock.ts	100644	322eaf2cfb515471cbff6915fd03274061f84422ad1c76ea83c49c3d8f00f479
	tests/u1-lunch-bot/fixtures/database-checkpoints.ts	100644	274fffda04fd8b8b68d73f58ea54340bc1928f906e0d45557f534842c7eff873
	tests/u1-lunch-bot/fixtures/database-reporter.ts	100644	cdc666ba383c8ae2b18bddf4edb070fb80c818a94f336f45da3dd11beb894575
	tests/u1-lunch-bot/fixtures/disk-guard-fixture.ts	100644	6f0477c152b50bd8a64375dfccbdb56637d0b07469e58c58445730b1e4c34b34
	tests/u1-lunch-bot/fixtures/fault-harness.ts	100644	965aa8ec146743504e3b258f7c31322c8756f5fab69dfa4d1f561b1bfb5160ea
	tests/u1-lunch-bot/fixtures/lima-storage-probe-unit.py	100644	68bee9a94039bae14bfda7988922351477ef97d6de2599dd6e275a23916a92e8
	tests/u1-lunch-bot/fixtures/mvp.ts	100644	e31081d113453030ea4da72eef9265896fc5416329349f78a4af7713455a1cd9
	tests/u1-lunch-bot/fixtures/postgres-spill.ts	100644	55c20d7230354777dafd8e3737b67069def9d6849f67f996f0f24e8e01fb2bd9
	tests/u1-lunch-bot/fixtures/restart-fixtures.ts	100644	8c9ba6a1932ebf8f2ba543a7ae6f24c654496dff114bcb1537c7f76625433db1
	tests/u1-lunch-bot/fixtures/safe-reporter.ts	100644	851aef0b645817528b2fa377707a4d220deb4242c6db12de97a4abcc8bec0f5e
	tests/u1-lunch-bot/fixtures/spill-observations.ts	100644	08afac1849050f9d2d26bbda80cc609c69b639e4d9583138c58df04e6f00d48c
	tests/u1-lunch-bot/fixtures/synthetic.ts	100644	c1bf70d3f6d8cb45559e9fb266276fbd6fbce00bc1751448fc5d21b41176721c
	tests/u1-lunch-bot/integration/line-reply.test.ts	100644	b1d1ca66aa6509a8b050716375639d524a1a10932586a8527e885974df45505f
	tests/u1-lunch-bot/integration/postgres-runtime.test.ts	100644	fcc7f2f50343bc25d3312c5c312eac40297c50dcbad2862265ebb99f3cc19b1b
	tests/u1-lunch-bot/integration/schema.test.ts	100644	330e1dda31f95700bb9eb6159333c65e6a6d32c945941ffba770260f61ed31aa
	tests/u1-lunch-bot/integration/source-boundary.test.ts	100644	500330438145a300c7a446de2606dd978d7b609a6206d12daadb2517f5e199d8
	tests/u1-lunch-bot/integration/webhook.test.ts	100644	a9d6485991c01bf7b7b8a75ce0c4322a46fc990b792a24cfd8c01402712278d3
	tests/u1-lunch-bot/unit/bootstrap-evidence.test.ts	100644	4a30d5b061a97ce2a80ba4010c63e81704d0d75278bc94944396b1116cc7e628
	tests/u1-lunch-bot/unit/database-evidence.test.ts	100644	1bf9f80b4e56d842337c867d849404d88a87f411dd87f27d2923af950ae5a16e
	tests/u1-lunch-bot/unit/database-resume.test.ts	100644	1d08f7cf335be6bddb4c9ca6baf59679bb82ecc0c34a7483983b5c65f50e2132
	tests/u1-lunch-bot/unit/disk-temp-guard.test.ts	100644	e5dc773e87eaf9bfe59763b521ae30d9d02fe19d219baba891f685e340d5c6b7
	tests/u1-lunch-bot/unit/evidence-writer-probe.test.ts	100644	31ce0ba9c993675f63d927794a2e3979bba6098a4bd0c2da642079e7cc5cf57a
	tests/u1-lunch-bot/unit/lima-storage-preflight.test.ts	100644	c92dc9d1b8a3a06ddb6054495f0e0500e17eaaa6de4c7355eb5e0a35df90a6c1
	tests/u1-lunch-bot/unit/line-interaction.test.ts	100644	ae8ad4e3fd83453a5594c5ded8d077d4b7cc79f68189d453e9bb612f66d05ddd
	tests/u1-lunch-bot/unit/lunch-recommendation.test.ts	100644	66352ff9c6f3291a31987ce5d67e2f0da4bba19858c7f20ad5c470aea7590e89
	tests/u1-lunch-bot/unit/messages.test.ts	100644	5945f3d15c2ff110fa7a1b767e57cfc43af2225a803b445cf669d8e3750767cd
	tests/u1-lunch-bot/unit/restaurant-source-adapter.test.ts	100644	5543b9b113345823397e3ae94733b53617e8ee3c73affa6ceabd6896f08dc3d2
	tests/u1-lunch-bot/unit/runner.test.ts	100644	49b4cfee1a6839a0af5e9873ad336ed24c4991e5c06faca8adfa0c987d9099f5
	tests/u1-lunch-bot/unit/spill-observations.test.ts	100644	4d1c71e4f6f9faf59d2d584e2875ca4ebffd8cfa8b807e067c02fbfa61db5dd8
	tests/u1-lunch-bot/unit/storage-preflight.test.ts	100644	203ffa9679c8255716b0c64df15aadde9d75739e17573565e337f63e1cf2784b
	tsconfig.build.json	100644	e76c07c3c676b78461bf2fe0f96fcb800af2206302c796527106fb146878ada8
	tsconfig.json	100644	91a90f79e5fc3f027a7e27ca53484878e500bd9b4aebc8c80b2f1b617adf520e
	vitest.config.ts	100644	509ebc7adb1afc35b52f56a1f37aee6f9345d60007fb9d3d7cfdb4d3fe153676
